{
  "swagger": "2.0",
  "info": {
    "version": "2017-06-06T09:35:23Z",
    "title": "compare-yourself"
  },
  "host": "bq4jksowdd.execute-api.REGION.amazonaws.com",
  "basePath": "/dev",
  "schemes": [
    "https"
  ],
  "paths": {
    "/compare-yourself": {
      "post": {
        "consumes": [
          "application/json"
        ],
        "produces": [
          "application/json"
        ],
        "parameters": [
          {
            "in": "body",
            "name": "CompareData",
            "required": true,
            "schema": {
              "$ref": "#/definitions/CompareData"
            }
          }
        ],
        "responses": {
          "200": {
            "description": "200 response",
            "schema": {
              "$ref": "#/definitions/Empty"
            },
            "headers": {
              "Access-Control-Allow-Origin": {
                "type": "string"
              }
            }
          }
        },
        "security": [
          {
            "compare-yourself-user-pool": []
          }
        ],
        "x-amazon-apigateway-request-validator": "Validate body",
        "x-amazon-apigateway-integration": {
          "responses": {
            "default": {
              "statusCode": "200",
              "responseParameters": {
                "method.response.header.Access-Control-Allow-Origin": "'*'"
              }
            }
          },
          "requestTemplates": {
            "application/json": "#set($inputRoot = $input.path('$'))\n{\n  \"age\" : \"$inputRoot.age\",\n  \"height\": \"$inputRoot.height\",\n  \"income\": \"$inputRoot.income\",\n  \"userId\": \"$context.authorizer.claims.sub\"\n}"
          },
          "uri": "arn:aws:apigateway:REGION:lambda:path/2015-03-31/functions/arn:aws:lambda:REGION:ACCOUNT_ID:function:cy-store-data/invocations",
          "passthroughBehavior": "when_no_templates",
          "httpMethod": "POST",
          "contentHandling": "CONVERT_TO_TEXT",
          "type": "aws"
        }
      },
      "delete": {
        "produces": [
          "application/json"
        ],
        "responses": {
          "200": {
            "description": "200 response",
            "schema": {
              "$ref": "#/definitions/Empty"
            },
            "headers": {
              "Access-Control-Allow-Origin": {
                "type": "string"
              }
            }
          }
        },
        "security": [
          {
            "compare-yourself-user-pool": []
          }
        ],
        "x-amazon-apigateway-integration": {
          "responses": {
            "default": {
              "statusCode": "200",
              "responseParameters": {
                "method.response.header.Access-Control-Allow-Origin": "'*'"
              }
            }
          },
          "uri": "arn:aws:apigateway:REGION:lambda:path/2015-03-31/functions/arn:aws:lambda:REGION:ACCOUNT_ID:function:cy-delete-data/invocations",
          "passthroughBehavior": "when_no_match",
          "httpMethod": "POST",
          "contentHandling": "CONVERT_TO_TEXT",
          "type": "aws"
        }
      },
      "options": {
        "consumes": [
          "application/json"
        ],
        "produces": [
          "application/json"
        ],
        "responses": {
          "200": {
            "description": "200 response",
            "schema": {
              "$ref": "#/definitions/Empty"
            },
            "headers": {
              "Access-Control-Allow-Origin": {
                "type": "string"
              },
              "Access-Control-Allow-Methods": {
                "type": "string"
              },
              "Access-Control-Allow-Headers": {
                "type": "string"
              }
            }
          }
        },
        "x-amazon-apigateway-integration": {
          "responses": {
            "default": {
              "statusCode": "200",
              "responseParameters": {
                "method.response.header.Access-Control-Allow-Methods": "'DELETE,POST,OPTIONS'",
                "method.response.header.Access-Control-Allow-Headers": "'Content-Type,X-Amz-Date,Authorization,X-Api-Key,X-Amz-Security-Token'",
                "method.response.header.Access-Control-Allow-Origin": "'*'"
              }
            }
          },
          "requestTemplates": {
            "application/json": "{\"statusCode\": 200}"
          },
          "passthroughBehavior": "when_no_match",
          "type": "mock"
        }
      }
    },
    "/compare-yourself/{type}": {
      "get": {
        "consumes": [
          "application/json"
        ],
        "produces": [
          "application/json"
        ],
        "parameters": [
          {
            "name": "type",
            "in": "path",
            "required": true,
            "type": "string"
          }
        ],
        "responses": {
          "200": {
            "description": "200 response",
            "schema": {
              "$ref": "#/definitions/CompareDataArray"
            },
            "headers": {
              "Access-Control-Allow-Origin": {
                "type": "string"
              }
            }
          }
        },
        "security": [
          {
            "compare-yourself-user-pool": []
          }
        ],
        "x-amazon-apigateway-integration": {
          "responses": {
            "default": {
              "statusCode": "200",
              "responseParameters": {
                "method.response.header.Access-Control-Allow-Origin": "'*'"
              },
              "responseTemplates": {
                "application/json": "#set($inputRoot = $input.path('$'))\n[\n##TODO: Update this foreach loop to reference array from input json\n#foreach($elem in $inputRoot)\n {\n  \"age\" : $elem.age,\n  \"height\" : $elem.height,\n  \"income\" : $elem.income\n} \n#if($foreach.hasNext),#end\n#end\n]"
              }
            }
          },
          "requestTemplates": {
            "application/json": "{\n    \"type\": \"$input.params('type')\"\n}"
          },
          "uri": "arn:aws:apigateway:REGION:lambda:path/2015-03-31/functions/arn:aws:lambda:REGION:ACCOUNT_ID:function:cy-get-data/invocations",
          "passthroughBehavior": "when_no_templates",
          "httpMethod": "POST",
          "contentHandling": "CONVERT_TO_TEXT",
          "type": "aws"
        }
      },
      "options": {
        "consumes": [
          "application/json"
        ],
        "produces": [
          "application/json"
        ],
        "responses": {
          "200": {
            "description": "200 response",
            "schema": {
              "$ref": "#/definitions/Empty"
            },
            "headers": {
              "Access-Control-Allow-Origin": {
                "type": "string"
              },
              "Access-Control-Allow-Methods": {
                "type": "string"
              },
              "Access-Control-Allow-Headers": {
                "type": "string"
              }
            }
          }
        },
        "x-amazon-apigateway-integration": {
          "responses": {
            "default": {
              "statusCode": "200",
              "responseParameters": {
                "method.response.header.Access-Control-Allow-Methods": "'GET,OPTIONS'",
                "method.response.header.Access-Control-Allow-Headers": "'Content-Type,X-Amz-Date,Authorization,X-Api-Key,X-Amz-Security-Token'",
                "method.response.header.Access-Control-Allow-Origin": "'*'"
              }
            }
          },
          "requestTemplates": {
            "application/json": "{\"statusCode\": 200}"
          },
          "passthroughBehavior": "when_no_match",
          "type": "mock"
        }
      }
    }
  },
  "securityDefinitions": {
    "compare-yourself-user-pool": {
      "type": "apiKey",
      "name": "Authorization",
      "in": "header",
      "x-amazon-apigateway-authtype": "cognito_user_pools",
      "x-amazon-apigateway-authorizer": {
        "providerARNs": [
          "arn:aws:cognito-idp:REGION:ACCOUNT_ID:userpool/REGION_sdD6Q1phT"
        ],
        "type": "cognito_user_pools"
      }
    }
  },
  "definitions": {
    "CompareData": {
      "type": "object",
      "required": [
        "age",
        "height",
        "income"
      ],
      "properties": {
        "age": {
          "type": "integer"
        },
        "height": {
          "type": "integer"
        },
        "income": {
          "type": "integer"
        }
      },
      "title": "CompareData"
    },
    "Empty": {
      "type": "object",
      "title": "Empty Schema"
    },
    "CompareDataArray": {
      "title": "CompareData",
      "type": "array",
      "items": {
        "type": "object",
        "properties": {
          "age": {
            "type": "integer"
          },
          "height": {
            "type": "integer"
          },
          "income": {
            "type": "integer"
          }
        },
        "required": [
          "age",
          "height",
          "income"
        ]
      }
    }
  },
  "x-amazon-apigateway-request-validators": {
    "Validate body": {
      "validateRequestParameters": false,
      "validateRequestBody": true
    }
  }
}